<?xml version="1.0" encoding="UTF-8"?>
<Configuration status="off">
	<Properties>
		<Property name="consolelayout">%d{HH:mm:ss.SSS} [%thread] %-5level %logger{36} - %message%n</Property>
		<Property name="filelayout">%d{yyyy-MM-dd HH:mm:ss.SSS} [%thread] %level, %logger{36}, %message%n</Property>
	</Properties>
    <Appenders>
        <Console name="console" target="SYSTEM_OUT">
	        <PatternLayout pattern="${consolelayout}"/>
        </Console>
		<RollingFile name="logfile" fileName="${env:USERPROFILE}/.dsmworkbench/log/dsmworkbench.log" filePattern="${env:USERPROFILE}/.dsmworkbench/log/dsmworkbench-%i.zip">
			<PatternLayout pattern="${filelayout}"/>
			<Policies>
				<OnStartupTriggeringPolicy />
			</Policies>
        	<DefaultRolloverStrategy fileIndex="min" min="1" max="10"/>
		</RollingFile>
	</Appenders>
    <Loggers>
        <Root level="debug">
		<AppenderRef ref="logfile"/>
        </Root>
    </Loggers>
</Configuration>